ID,Created At,Updated At,Code,Name,Kind,Category,Unit Cost,Rrp,Rrp Estimated,Range Name,Free Stock,Reorder Level,Supplier Code,Supplier Part No
59,2026-10-09T11:50:36+00:00,2026-10-09T11:50:36+00:00,RBT1001,Robot arm mechanism,Component,RBT,340.00,,False,,,,,
58,2026-10-09T11:50:36+00:00,2026-10-09T11:50:36+00:00,PLA1002,Sensor holder (3D printed),Component,PLA,0.65,,False,,,,,
57,2026-10-09T11:50:36+00:00,2026-10-09T11:50:36+00:00,PLA1001,Acrylic cover,Component,PLA,0.80,,False,,,,,
56,2026-10-09T11:50:36+00:00,2026-10-09T11:50:36+00:00,MET1003,Mounting bracket,Component,MET,0.28,,False,,,,,
55,2026-10-09T11:50:36+00:00,2026-10-09T11:50:36+00:00,MET1002,Aluminium extrusion 30 x 30 x 500,Component,MET,6.50,,False,,,,,
54,2026-10-09T11:50:36+00:00,2026-10-09T11:50:36+00:00,MET1001,Steel base plate,Component,MET,4.40,,False,,,,,
53,2026-10-09T11:50:36+00:00,2026-10-09T11:50:36+00:00,PNE1005,Vacuum cup 16mm,Component,PNE,1.40,,False,,,,,
52,2026-10-09T11:50:36+00:00,2026-10-09T11:50:36+00:00,PNE1004,Push-in fitting 4mm,Component,PNE,0.40,,False,,,,,
51,2026-10-09T11:50:36+00:00,2026-10-09T11:50:36+00:00,PNE1003,Tubing 4mm (per metre),Component,PNE,0.60,,False,,,,,
50,2026-10-09T11:50:36+00:00,2026-10-09T11:50:36+00:00,PNE1002,Solenoid valve 5/2,Component,PNE,11.00,,False,,,,,
49,2026-10-09T11:50:36+00:00,2026-10-09T11:50:36+00:00,PNE1001,Pneumatic cylinder 10 x 40,Component,PNE,6.50,,False,,,,,
48,2026-10-09T11:50:36+00:00,2026-10-09T11:50:36+00:00,PCB1006,Voltage regulator 5V,Component,PCB,0.34,,False,,,,,
47,2026-10-09T11:50:36+00:00,2026-10-09T11:50:36+00:00,PCB1005,Capacitor 10uF 0603,Component,PCB,0.06,,False,,,,,
46,2026-10-09T11:50:36+00:00,2026-10-09T11:50:36+00:00,PCB1004,Resistor 10k 0603,Component,PCB,0.02,,False,,,,,
45,2026-10-09T11:50:36+00:00,2026-10-09T11:50:36+00:00,PCB1003,Microcontroller,Component,PCB,2.60,,False,,,,,
44,2026-10-09T11:50:36+00:00,2026-10-09T11:50:36+00:00,PCB1002,Driver PCB blank,Component,PCB,0.95,,False,,,,,
43,2026-10-09T11:50:36+00:00,2026-10-09T11:50:36+00:00,PCB1001,Controller PCB blank,Component,PCB,1.20,,False,,,,,
42,2026-10-09T11:50:36+00:00,2026-10-09T11:50:36+00:00,FAS1006,Cable tie 100mm,Component,FAS,0.02,,False,,,,,
41,2026-10-09T11:50:36+00:00,2026-10-09T11:50:36+00:00,FAS1005,M3 washer,Component,FAS,0.01,,False,,,,,
40,2026-10-09T11:50:36+00:00,2026-10-09T11:50:36+00:00,FAS1004,T-slot nut,Component,FAS,0.12,,False,,,,,
39,2026-10-09T11:50:36+00:00,2026-10-09T11:50:36+00:00,FAS1003,M3 nut,Component,FAS,0.02,,False,,,,,
38,2026-10-09T11:50:36+00:00,2026-10-09T11:50:36+00:00,FAS1002,M4 x 10 socket screw,Component,FAS,0.04,,False,,,,,
37,2026-10-09T11:50:36+00:00,2026-10-09T11:50:36+00:00,FAS1001,M3 x 8 socket screw,Component,FAS,0.03,,False,,,,,
36,2026-10-09T11:50:36+00:00,2026-10-09T11:50:36+00:00,MEC1005,Shaft support block,Component,MEC,1.15,,False,,,,,
35,2026-10-09T11:50:36+00:00,2026-10-09T11:50:36+00:00,MEC1004,Ball bearing 608,Component,MEC,0.35,,False,,,,,
34,2026-10-09T11:50:36+00:00,2026-10-09T11:50:36+00:00,MEC1003,Pulley 20 tooth,Component,MEC,1.10,,False,,,,,
33,2026-10-09T11:50:36+00:00,2026-10-09T11:50:36+00:00,MEC1002,Timing belt 6mm,Component,MEC,2.40,,False,,,,,
32,2026-10-09T11:50:36+00:00,2026-10-09T11:50:36+00:00,MEC1001,Linear shaft 8mm x 300mm,Component,MEC,3.20,,False,,,,,
31,2026-10-09T11:50:36+00:00,2026-10-09T11:50:36+00:00,CBL1003,Cable 4-core (per metre),Component,CBL,0.45,,False,,,,,
30,2026-10-09T11:50:36+00:00,2026-10-09T11:50:36+00:00,CBL1002,Lead 4mm black 500mm,Component,CBL,0.90,,False,,,,,
29,2026-10-09T11:50:36+00:00,2026-10-09T11:50:36+00:00,CBL1001,Lead 4mm red 500mm,Component,CBL,0.90,,False,,,,,
28,2026-10-09T11:50:36+00:00,2026-10-09T11:50:36+00:00,ELE1012,Solar panel 5W,Component,ELE,12.00,,False,,,,,
27,2026-10-09T11:50:36+00:00,2026-10-09T11:50:36+00:00,ELE1011,7 inch touch panel,Component,ELE,180.00,,False,,,,,
26,2026-10-09T11:50:36+00:00,2026-10-09T11:50:36+00:00,ELE1010,PLC controller,Component,ELE,120.00,,False,,,,,
25,2026-10-09T11:50:36+00:00,2026-10-09T11:50:36+00:00,ELE1009,MCB 1 pole 6A,Component,ELE,6.50,,False,,,,,
24,2026-10-09T11:50:36+00:00,2026-10-09T11:50:36+00:00,ELE1008,Emergency stop button,Component,ELE,8.50,,False,,,,,
23,2026-10-09T11:50:36+00:00,2026-10-09T11:50:36+00:00,ELE1007,Proximity sensor,Component,ELE,12.40,,False,,,,,
22,2026-10-09T11:50:36+00:00,2026-10-09T11:50:36+00:00,ELE1006,Limit switch,Component,ELE,0.60,,False,,,,,
21,2026-10-09T11:50:36+00:00,2026-10-09T11:50:36+00:00,ELE1005,Push-button switch,Component,ELE,1.10,,False,,,,,
20,2026-10-09T11:50:36+00:00,2026-10-09T11:50:36+00:00,ELE1004,Terminal block 2-way,Component,ELE,0.25,,False,,,,,
19,2026-10-09T11:50:36+00:00,2026-10-09T11:50:36+00:00,ELE1003,24V power supply 60W,Component,ELE,14.50,,False,,,,,
18,2026-10-09T11:50:36+00:00,2026-10-09T11:50:36+00:00,ELE1002,DC geared motor 24V,Component,ELE,22.00,,False,,,,,
17,2026-10-09T11:50:36+00:00,2026-10-09T11:50:36+00:00,ELE1001,Stepper motor NEMA17,Component,ELE,9.80,,False,,,,,
16,2026-10-09T11:50:36+00:00,2026-10-09T11:50:36+00:00,SA2008,Controller board assembly,Assembly,SA,,,False,,,,,
15,2026-10-09T11:50:36+00:00,2026-10-09T11:50:36+00:00,SA2007,Base frame,Assembly,SA,,,False,,,,,
14,2026-10-09T11:50:36+00:00,2026-10-09T11:50:36+00:00,SA2006,Robot arm unit,Assembly,SA,,,False,,,,,
13,2026-10-09T11:50:36+00:00,2026-10-09T11:50:36+00:00,SA2005,Sensor head,Assembly,SA,,,False,,,,,
12,2026-10-09T11:50:36+00:00,2026-10-09T11:50:36+00:00,SA2004,Valve block,Assembly,SA,,,False,,,,,
11,2026-10-09T11:50:36+00:00,2026-10-09T11:50:36+00:00,SA2003,Control panel assembly,Assembly,SA,,,False,,,,,
10,2026-10-09T11:50:36+00:00,2026-10-09T11:50:36+00:00,SA2002,Drive motor unit,Assembly,SA,,,False,,,,,
9,2026-10-09T11:50:36+00:00,2026-10-09T11:50:36+00:00,SA2001,Conveyor frame assembly,Assembly,SA,,,False,,,,,
8,2026-10-09T11:50:36+00:00,2026-10-09T11:50:36+00:00,FG1008,Programming Software Licence,Finished product,FG,,450.00,False,,,,,
7,2026-10-09T11:50:36+00:00,2026-10-09T11:50:36+00:00,FG1007,Bench Power Supply,Finished product,FG,,55.00,False,,,,,
6,2026-10-09T11:50:36+00:00,2026-10-09T11:50:36+00:00,FG1006,Solar Energy Kit,Finished product,FG,,280.00,False,,,,,
5,2026-10-09T11:50:36+00:00,2026-10-09T11:50:36+00:00,FG1005,Robot Arm Cell,Finished product,FG,,2700.00,False,,,,,
4,2026-10-09T11:50:36+00:00,2026-10-09T11:50:36+00:00,FG1004,Motor Control Kit,Finished product,FG,,380.00,False,,,,,
3,2026-10-09T11:50:36+00:00,2026-10-09T11:50:36+00:00,FG1003,Sensor Workstation,Finished product,FG,,1750.00,False,,,,,
2,2026-10-09T11:50:36+00:00,2026-10-09T11:50:36+00:00,FG1002,Pneumatics Trainer,Finished product,FG,,550.00,False,,,,,
1,2026-10-09T11:50:36+00:00,2026-10-09T11:50:36+00:00,FG1001,Conveyor Training Rig,Finished product,FG,,1950.00,False,,,,,
