ID,Created At,Updated At,Work Order,Serial,Result,Reason,First Pass
107,2026-10-09T11:50:45+00:00,2026-10-09T11:50:45+00:00,1133,SA2001-1133-03,Pass,,True
106,2026-10-09T11:50:45+00:00,2026-10-09T11:50:45+00:00,1133,SA2001-1133-02,Pass,,True
105,2026-10-09T11:50:45+00:00,2026-10-09T11:50:45+00:00,1133,SA2001-1133-01,Pass,,True
104,2026-10-09T11:50:44+00:00,2026-10-09T11:50:44+00:00,1125,SA2001-1125-05,Pass,,True
103,2026-10-09T11:50:44+00:00,2026-10-09T11:50:44+00:00,1125,SA2001-1125-04,Pass,,True
102,2026-10-09T11:50:44+00:00,2026-10-09T11:50:44+00:00,1125,SA2001-1125-03,Pass,,True
101,2026-10-09T11:50:44+00:00,2026-10-09T11:50:44+00:00,1125,SA2001-1125-02,Pass,,True
100,2026-10-09T11:50:44+00:00,2026-10-09T11:50:44+00:00,1125,SA2001-1125-01,Pass,,True
99,2026-10-09T11:50:43+00:00,2026-10-09T11:50:43+00:00,1113,FG1006-1113-01,Pass,,True
98,2026-10-09T11:50:43+00:00,2026-10-09T11:50:43+00:00,1112,FG1007-1112-01,Pass,,True
97,2026-10-09T11:50:43+00:00,2026-10-09T11:50:43+00:00,1111,FG1001-1111-01,Pass,,True
96,2026-10-09T08:09:42+00:00,2026-10-09T11:50:42+00:00,1103,SA2007-0012,Pass,,True
95,2026-10-09T07:44:42+00:00,2026-10-09T11:50:42+00:00,1103,SA2007-0011,Pass,,True
94,2026-10-09T07:31:42+00:00,2026-10-09T11:50:42+00:00,1103,SA2007-0010,Pass,,True
93,2026-10-09T07:16:42+00:00,2026-10-09T11:50:42+00:00,1103,SA2007-0009,Pass,Failed pressure test,False
92,2026-10-09T07:04:42+00:00,2026-10-09T11:50:42+00:00,1103,SA2007-0008,Pass,,True
91,2026-10-09T09:48:42+00:00,2026-10-09T11:50:42+00:00,1102,SA2001-0014,Pass,,True
90,2026-10-09T09:37:42+00:00,2026-10-09T11:50:42+00:00,1102,SA2001-0013,Pass,,True
89,2026-10-09T09:27:42+00:00,2026-10-09T11:50:42+00:00,1102,SA2001-0012,Pass,,True
88,2026-10-09T09:10:42+00:00,2026-10-09T11:50:42+00:00,1102,SA2001-0011,Pass,,True
87,2026-10-08T09:35:00+00:00,2026-10-09T11:50:41+00:00,1082,SA2004-0018,Pass,,True
86,2026-10-08T09:17:00+00:00,2026-10-09T11:50:41+00:00,1082,SA2004-0017,Pass,,True
85,2026-10-08T09:01:00+00:00,2026-10-09T11:50:41+00:00,1082,SA2004-0016,Pass,Loose terminal on X2,False
84,2026-10-07T09:18:00+00:00,2026-10-09T11:50:41+00:00,1083,SA2004-0015,Pass,,True
83,2026-10-07T09:03:00+00:00,2026-10-09T11:50:41+00:00,1083,SA2004-0014,Pass,,True
82,2026-10-07T08:48:00+00:00,2026-10-09T11:50:41+00:00,1083,SA2004-0013,Pass,,True
81,2026-10-07T09:16:00+00:00,2026-10-09T11:50:41+00:00,1084,SA2007-0007,Pass,,True
80,2026-10-07T08:52:00+00:00,2026-10-09T11:50:41+00:00,1084,SA2007-0006,Pass,,True
79,2026-10-07T08:29:00+00:00,2026-10-09T11:50:41+00:00,1084,SA2007-0005,Pass,,True
78,2026-10-06T10:29:00+00:00,2026-10-09T11:50:41+00:00,1085,SA2008-0036,Pass,,True
77,2026-10-06T10:06:00+00:00,2026-10-09T11:50:41+00:00,1085,SA2008-0035,Pass,,True
76,2026-10-06T09:41:00+00:00,2026-10-09T11:50:41+00:00,1085,SA2008-0034,Pass,,True
75,2026-10-06T09:19:00+00:00,2026-10-09T11:50:41+00:00,1085,SA2008-0033,Scrap,Loose connection,False
74,2026-10-06T09:11:00+00:00,2026-10-09T11:50:41+00:00,1085,SA2008-0032,Pass,Loose connection,False
73,2026-10-06T08:51:00+00:00,2026-10-09T11:50:41+00:00,1085,SA2008-0031,Pass,,True
72,2026-10-06T08:28:00+00:00,2026-10-09T11:50:41+00:00,1085,SA2008-0030,Pass,,True
71,2026-10-06T10:01:00+00:00,2026-10-09T11:50:41+00:00,1086,SA2005-0012,Pass,,True
70,2026-10-06T09:36:00+00:00,2026-10-09T11:50:41+00:00,1086,SA2005-0011,Pass,,True
69,2026-10-06T09:26:00+00:00,2026-10-09T11:50:41+00:00,1086,SA2005-0010,Pass,,True
68,2026-10-06T09:10:00+00:00,2026-10-09T11:50:41+00:00,1086,SA2005-0009,Pass,,True
67,2026-10-06T08:58:00+00:00,2026-10-09T11:50:41+00:00,1086,SA2005-0008,Pass,,True
66,2026-10-06T08:44:00+00:00,2026-10-09T11:50:41+00:00,1086,SA2005-0007,Pass,,True
65,2026-10-06T08:33:00+00:00,2026-10-09T11:50:41+00:00,1086,SA2005-0006,Pass,,True
64,2026-10-06T08:15:00+00:00,2026-10-09T11:50:40+00:00,1086,SA2005-0005,Pass,,True
63,2026-10-05T09:57:00+00:00,2026-10-09T11:50:40+00:00,1087,SA2005-0004,Pass,,True
62,2026-10-05T09:36:00+00:00,2026-10-09T11:50:40+00:00,1087,SA2005-0003,Pass,,True
61,2026-10-05T09:22:00+00:00,2026-10-09T11:50:40+00:00,1087,SA2005-0002,Pass,,True
60,2026-10-05T08:59:00+00:00,2026-10-09T11:50:40+00:00,1087,SA2005-0001,Pass,,True
59,2026-10-05T10:14:00+00:00,2026-10-09T11:50:40+00:00,1088,SA2008-0029,Pass,,True
58,2026-10-05T09:59:00+00:00,2026-10-09T11:50:40+00:00,1088,SA2008-0028,Pass,Loose connection,False
57,2026-10-05T09:50:00+00:00,2026-10-09T11:50:40+00:00,1088,SA2008-0027,Pass,,True
56,2026-10-05T09:41:00+00:00,2026-10-09T11:50:40+00:00,1088,SA2008-0026,Pass,,True
55,2026-10-05T09:33:00+00:00,2026-10-09T11:50:40+00:00,1088,SA2008-0025,Pass,,True
54,2026-10-05T09:18:00+00:00,2026-10-09T11:50:40+00:00,1088,SA2008-0024,Pass,,True
53,2026-10-05T09:10:00+00:00,2026-10-09T11:50:40+00:00,1088,SA2008-0023,Pass,,True
52,2026-10-05T08:55:00+00:00,2026-10-09T11:50:40+00:00,1088,SA2008-0022,Pass,,True
51,2026-10-02T09:47:00+00:00,2026-10-09T11:50:40+00:00,1089,SA2004-0012,Pass,,True
50,2026-10-02T09:33:00+00:00,2026-10-09T11:50:40+00:00,1089,SA2004-0011,Pass,Wrong fastener fitted,False
49,2026-10-02T09:19:00+00:00,2026-10-09T11:50:40+00:00,1089,SA2004-0010,Pass,Solder bridge on PCB,False
48,2026-10-02T08:55:00+00:00,2026-10-09T11:50:40+00:00,1089,SA2004-0009,Pass,,True
47,2026-10-02T08:57:00+00:00,2026-10-09T11:50:40+00:00,1090,SA2001-0010,Pass,,True
46,2026-10-02T08:34:00+00:00,2026-10-09T11:50:40+00:00,1090,SA2001-0009,Pass,,True
45,2026-10-02T08:24:00+00:00,2026-10-09T11:50:40+00:00,1090,SA2001-0008,Pass,,True
44,2026-10-01T09:23:00+00:00,2026-10-09T11:50:39+00:00,1091,SA2004-0008,Pass,Scratched panel,False
43,2026-10-01T08:59:00+00:00,2026-10-09T11:50:39+00:00,1091,SA2004-0007,Pass,,True
42,2026-10-01T08:46:00+00:00,2026-10-09T11:50:39+00:00,1091,SA2004-0006,Pass,,True
41,2026-10-01T09:35:00+00:00,2026-10-09T11:50:39+00:00,1092,SA2004-0005,Scrap,Wrong fastener fitted,False
40,2026-10-01T09:19:00+00:00,2026-10-09T11:50:39+00:00,1092,SA2004-0004,Scrap,Failed pressure test,False
39,2026-10-01T09:11:00+00:00,2026-10-09T11:50:39+00:00,1092,SA2004-0003,Pass,,True
38,2026-10-01T08:50:00+00:00,2026-10-09T11:50:39+00:00,1092,SA2004-0002,Pass,,True
37,2026-10-01T08:32:00+00:00,2026-10-09T11:50:39+00:00,1092,SA2004-0001,Pass,,True
36,2026-09-30T09:08:00+00:00,2026-10-09T11:50:39+00:00,1093,SA2007-0004,Pass,,True
35,2026-09-30T08:48:00+00:00,2026-10-09T11:50:39+00:00,1093,SA2007-0003,Pass,,True
34,2026-09-30T08:27:00+00:00,2026-10-09T11:50:39+00:00,1093,SA2007-0002,Pass,,True
33,2026-09-30T08:14:00+00:00,2026-10-09T11:50:39+00:00,1093,SA2007-0001,Pass,,True
32,2026-09-30T09:42:00+00:00,2026-10-09T11:50:39+00:00,1094,SA2002-0004,Pass,Solder bridge on PCB,False
31,2026-09-30T09:21:00+00:00,2026-10-09T11:50:39+00:00,1094,SA2002-0003,Pass,,True
30,2026-09-30T08:56:00+00:00,2026-10-09T11:50:39+00:00,1094,SA2002-0002,Pass,,True
29,2026-09-30T08:41:00+00:00,2026-10-09T11:50:39+00:00,1094,SA2002-0001,Pass,,True
28,2026-09-29T11:00:00+00:00,2026-10-09T11:50:39+00:00,1095,SA2008-0021,Pass,Scratched panel,False
27,2026-09-29T10:46:00+00:00,2026-10-09T11:50:39+00:00,1095,SA2008-0020,Pass,,True
26,2026-09-29T10:26:00+00:00,2026-10-09T11:50:39+00:00,1095,SA2008-0019,Pass,Wrong fastener fitted,False
25,2026-09-29T10:11:00+00:00,2026-10-09T11:50:39+00:00,1095,SA2008-0018,Pass,Wrong fastener fitted,False
24,2026-09-29T09:53:00+00:00,2026-10-09T11:50:39+00:00,1095,SA2008-0017,Pass,,True
23,2026-09-29T09:28:00+00:00,2026-10-09T11:50:39+00:00,1095,SA2008-0016,Pass,,True
22,2026-09-29T09:08:00+00:00,2026-10-09T11:50:38+00:00,1095,SA2008-0015,Pass,,True
21,2026-09-29T08:53:00+00:00,2026-10-09T11:50:38+00:00,1095,SA2008-0014,Pass,,True
20,2026-09-29T10:01:00+00:00,2026-10-09T11:50:38+00:00,1096,SA2008-0013,Pass,,True
19,2026-09-29T09:45:00+00:00,2026-10-09T11:50:38+00:00,1096,SA2008-0012,Pass,,True
18,2026-09-29T09:26:00+00:00,2026-10-09T11:50:38+00:00,1096,SA2008-0011,Pass,,True
17,2026-09-29T09:07:00+00:00,2026-10-09T11:50:38+00:00,1096,SA2008-0010,Pass,,True
16,2026-09-29T08:47:00+00:00,2026-10-09T11:50:38+00:00,1096,SA2008-0009,Pass,Failed pressure test,False
15,2026-09-29T08:37:00+00:00,2026-10-09T11:50:38+00:00,1096,SA2008-0008,Pass,,True
14,2026-09-29T08:22:00+00:00,2026-10-09T11:50:38+00:00,1096,SA2008-0007,Pass,,True
13,2026-09-28T09:46:00+00:00,2026-10-09T11:50:38+00:00,1097,SA2008-0006,Pass,,True
12,2026-09-28T09:26:00+00:00,2026-10-09T11:50:38+00:00,1097,SA2008-0005,Pass,,True
11,2026-09-28T09:01:00+00:00,2026-10-09T11:50:38+00:00,1097,SA2008-0004,Pass,,True
10,2026-09-28T08:52:00+00:00,2026-10-09T11:50:38+00:00,1097,SA2008-0003,Pass,Scratched panel,False
9,2026-09-28T08:33:00+00:00,2026-10-09T11:50:38+00:00,1097,SA2008-0002,Pass,,True
8,2026-09-28T08:23:00+00:00,2026-10-09T11:50:38+00:00,1097,SA2008-0001,Scrap,Solder bridge on PCB,False
7,2026-09-25T09:41:00+00:00,2026-10-09T11:50:38+00:00,1098,SA2001-0007,Pass,,True
6,2026-09-25T09:33:00+00:00,2026-10-09T11:50:38+00:00,1098,SA2001-0006,Pass,,True
5,2026-09-25T09:11:00+00:00,2026-10-09T11:50:38+00:00,1098,SA2001-0005,Pass,,True
4,2026-09-25T08:46:00+00:00,2026-10-09T11:50:38+00:00,1098,SA2001-0004,Pass,,True
3,2026-09-25T09:12:00+00:00,2026-10-09T11:50:38+00:00,1099,SA2001-0003,Pass,,True
2,2026-09-25T08:51:00+00:00,2026-10-09T11:50:38+00:00,1099,SA2001-0002,Pass,,True
1,2026-09-25T08:26:00+00:00,2026-10-09T11:50:37+00:00,1099,SA2001-0001,Pass,,True
