ID,Created At,Updated At,Number,Order Date,Ship Date,Customer,Customer Ref
44,2026-10-08T09:00:00+00:00,2026-10-09T14:00:00+00:00,6008,2026-10-08,2026-11-28,Alderley Apprentice Hub,PO-15531
43,2026-10-07T09:00:00+00:00,2026-10-08T03:00:00+00:00,6007,2026-10-07,2026-11-14,Dunmere Maker Space,PO-23907
42,2026-10-06T09:00:00+00:00,2026-10-07T16:00:00+00:00,6006,2026-10-06,2026-11-05,Wexcombe College of Technology,PO-18094
41,2026-10-04T09:00:00+00:00,2026-10-05T21:00:00+00:00,6005,2026-10-04,2026-10-29,Silverbeck Training Centre,PO-29634
40,2026-10-03T09:00:00+00:00,2026-10-05T11:00:00+00:00,6004,2026-10-03,2026-10-23,Oakridge Skills Academy,PO-12451
39,2026-10-01T09:00:00+00:00,2026-10-02T18:00:00+00:00,6003,2026-10-01,2026-10-18,Fenwick Technical Institute,PO-79707
38,2026-09-29T09:00:00+00:00,2026-09-29T18:00:00+00:00,6002,2026-09-29,2026-10-12,Cedarwood Sixth Form College,PO-70052
37,2026-09-27T09:00:00+00:00,2026-09-29T19:00:00+00:00,6001,2026-09-27,2026-10-05,Millbrook Engineering Academy,PO-86865
36,2025-12-24T09:30:00+00:00,2026-01-23T09:30:00+00:00,21088,2025-12-24,2026-01-23,Pennine Apprenticeship Centre,PO-35533
35,2026-03-24T09:30:00+00:00,2026-04-04T09:30:00+00:00,21087,2026-03-24,2026-04-04,Ironbridge Training Academy,PO-27168
34,2026-07-16T09:30:00+00:00,2026-07-23T09:30:00+00:00,21082,2026-07-16,2026-07-23,Stonegate Polytechnic,PO-70994
33,2026-08-06T09:30:00+00:00,2026-09-05T09:30:00+00:00,21080,2026-08-06,2026-09-05,Lakeside Engineering College,PO-62610
32,2025-10-25T09:30:00+00:00,2025-11-03T09:30:00+00:00,21078,2025-10-25,2025-11-03,Ashworth Academy of Engineering,PO-60926
31,2026-06-11T09:30:00+00:00,2026-06-28T09:30:00+00:00,21073,2026-06-11,2026-06-28,Lakeside Engineering College,PO-91797
30,2026-05-10T09:30:00+00:00,2026-05-23T09:30:00+00:00,21072,2026-05-10,2026-05-23,Stonegate Polytechnic,PO-55125
29,2026-06-09T09:30:00+00:00,2026-07-02T09:30:00+00:00,21068,2026-06-09,2026-07-02,Westmoor University Technical Faculty,PO-13798
28,2026-01-05T09:30:00+00:00,2026-01-22T09:30:00+00:00,21066,2026-01-05,2026-01-22,Redcliffe Further Education College,PO-90377
27,2025-12-23T09:30:00+00:00,2026-01-08T09:30:00+00:00,21063,2025-12-23,2026-01-08,Eastgate Learning Centre,PO-21928
26,2026-01-17T09:30:00+00:00,2026-02-15T09:30:00+00:00,21058,2026-01-17,2026-02-15,Ironbridge Training Academy,PO-13027
25,2026-01-17T09:30:00+00:00,2026-02-08T09:30:00+00:00,21056,2026-01-17,2026-02-08,Ashworth Academy of Engineering,PO-28889
24,2026-08-14T09:30:00+00:00,2026-08-27T09:30:00+00:00,21054,2026-08-14,2026-08-27,Pennine Apprenticeship Centre,PO-29470
23,2026-07-29T09:30:00+00:00,2026-08-05T09:30:00+00:00,21051,2026-07-29,2026-08-05,Kingsmere Training Centre,PO-80335
22,2026-02-28T09:30:00+00:00,2026-03-19T09:30:00+00:00,21047,2026-02-28,2026-03-19,Ashworth Academy of Engineering,PO-73114
21,2025-11-11T09:30:00+00:00,2025-12-06T09:30:00+00:00,21044,2025-11-11,2025-12-06,Kingsmere Training Centre,PO-77566
20,2025-10-17T09:30:00+00:00,2025-10-31T09:30:00+00:00,21040,2025-10-17,2025-10-31,Lakeside Engineering College,PO-87217
19,2026-03-20T09:30:00+00:00,2026-04-17T09:30:00+00:00,21038,2026-03-20,2026-04-17,Redcliffe Further Education College,PO-29781
18,2026-08-09T09:30:00+00:00,2026-08-21T09:30:00+00:00,21035,2026-08-09,2026-08-21,Pennine Apprenticeship Centre,PO-82016
17,2026-01-10T09:30:00+00:00,2026-01-18T09:30:00+00:00,21031,2026-01-10,2026-01-18,Thornbury Vocational Institute,PO-47674
16,2026-04-14T09:30:00+00:00,2026-05-11T09:30:00+00:00,21030,2026-04-14,2026-05-11,Marlow Heath Sixth Form College,PO-68411
15,2026-03-29T09:30:00+00:00,2026-04-27T09:30:00+00:00,21026,2026-03-29,2026-04-27,Stonegate Polytechnic,PO-75100
14,2026-03-28T09:30:00+00:00,2026-04-08T09:30:00+00:00,21023,2026-03-28,2026-04-08,Pennine Apprenticeship Centre,PO-15138
13,2026-05-18T09:30:00+00:00,2026-05-27T09:30:00+00:00,21021,2026-05-18,2026-05-27,Harlow Vale Skills Academy,PO-78838
12,2025-12-05T09:30:00+00:00,2025-12-13T09:30:00+00:00,21018,2025-12-05,2025-12-13,Redcliffe Further Education College,PO-75066
11,2026-04-24T09:30:00+00:00,2026-05-14T09:30:00+00:00,21013,2026-04-24,2026-05-14,Ironbridge Training Academy,PO-25439
10,2025-11-28T09:30:00+00:00,2025-12-23T09:30:00+00:00,21011,2025-11-28,2025-12-23,Brookfield Technical College,PO-38977
9,2026-08-04T09:30:00+00:00,2026-08-28T09:30:00+00:00,21008,2026-08-04,2026-08-28,Brookfield Technical College,PO-84115
8,2026-03-16T09:30:00+00:00,2026-04-10T09:30:00+00:00,21004,2026-03-16,2026-04-10,Highmoor Technology Academy,PO-76510
7,2026-04-07T09:30:00+00:00,2026-04-18T09:30:00+00:00,21002,2026-04-07,2026-04-18,Marlow Heath Sixth Form College,PO-16328
6,2026-10-09T11:50:42+00:00,2026-10-09T11:50:42+00:00,5006,2026-10-08,2026-10-29,Pennine Robotics Club,Phone order
5,2026-10-09T11:50:42+00:00,2026-10-09T11:50:42+00:00,5005,2026-10-07,2026-10-28,Ironbridge Skills Centre,Web order
4,2026-10-09T11:50:42+00:00,2026-10-09T11:50:42+00:00,5004,2026-10-04,2026-10-25,Harlow Sixth Form,PO-1182
3,2026-10-09T11:50:42+00:00,2026-10-09T11:50:42+00:00,5003,2026-09-30,2026-10-21,Kestrel Engineering Training,Email order
2,2026-10-09T11:50:42+00:00,2026-10-09T11:50:42+00:00,5002,2026-09-25,2026-10-16,Brightwater Academy,PO-4471
1,2026-10-09T11:50:42+00:00,2026-10-09T11:50:42+00:00,5001,2026-09-19,2026-10-10,Northfield Technical College,Phone order
