ID,Created At,Updated At,Parent,Child,Quantity,Sequence
80,2026-10-09T11:50:37+00:00,2026-10-09T11:50:37+00:00,FG1007 - Bench Power Supply,ELE1004 - Terminal block 2-way,2.00,20
79,2026-10-09T11:50:37+00:00,2026-10-09T11:50:37+00:00,FG1007 - Bench Power Supply,ELE1003 - 24V power supply 60W,1.00,10
78,2026-10-09T11:50:37+00:00,2026-10-09T11:50:37+00:00,FG1006 - Solar Energy Kit,SA2008 - Controller board assembly,1.00,50
77,2026-10-09T11:50:37+00:00,2026-10-09T11:50:37+00:00,FG1006 - Solar Energy Kit,ELE1003 - 24V power supply 60W,1.00,40
76,2026-10-09T11:50:37+00:00,2026-10-09T11:50:37+00:00,FG1006 - Solar Energy Kit,CBL1002 - Lead 4mm black 500mm,4.00,30
75,2026-10-09T11:50:37+00:00,2026-10-09T11:50:37+00:00,FG1006 - Solar Energy Kit,CBL1001 - Lead 4mm red 500mm,4.00,20
74,2026-10-09T11:50:37+00:00,2026-10-09T11:50:37+00:00,FG1006 - Solar Energy Kit,ELE1012 - Solar panel 5W,2.00,10
73,2026-10-09T11:50:37+00:00,2026-10-09T11:50:37+00:00,FG1005 - Robot Arm Cell,MET1002 - Aluminium extrusion 30 x 30 x 500,6.00,50
72,2026-10-09T11:50:37+00:00,2026-10-09T11:50:37+00:00,FG1005 - Robot Arm Cell,ELE1003 - 24V power supply 60W,1.00,40
71,2026-10-09T11:50:37+00:00,2026-10-09T11:50:37+00:00,FG1005 - Robot Arm Cell,SA2007 - Base frame,1.00,30
70,2026-10-09T11:50:37+00:00,2026-10-09T11:50:37+00:00,FG1005 - Robot Arm Cell,SA2003 - Control panel assembly,1.00,20
69,2026-10-09T11:50:37+00:00,2026-10-09T11:50:37+00:00,FG1005 - Robot Arm Cell,SA2006 - Robot arm unit,1.00,10
68,2026-10-09T11:50:37+00:00,2026-10-09T11:50:37+00:00,FG1004 - Motor Control Kit,MET1001 - Steel base plate,1.00,70
67,2026-10-09T11:50:37+00:00,2026-10-09T11:50:37+00:00,FG1004 - Motor Control Kit,CBL1002 - Lead 4mm black 500mm,4.00,60
66,2026-10-09T11:50:37+00:00,2026-10-09T11:50:37+00:00,FG1004 - Motor Control Kit,CBL1001 - Lead 4mm red 500mm,4.00,50
65,2026-10-09T11:50:37+00:00,2026-10-09T11:50:37+00:00,FG1004 - Motor Control Kit,ELE1006 - Limit switch,2.00,40
64,2026-10-09T11:50:37+00:00,2026-10-09T11:50:37+00:00,FG1004 - Motor Control Kit,ELE1003 - 24V power supply 60W,1.00,30
63,2026-10-09T11:50:37+00:00,2026-10-09T11:50:37+00:00,FG1004 - Motor Control Kit,SA2008 - Controller board assembly,1.00,20
62,2026-10-09T11:50:37+00:00,2026-10-09T11:50:37+00:00,FG1004 - Motor Control Kit,SA2002 - Drive motor unit,1.00,10
61,2026-10-09T11:50:37+00:00,2026-10-09T11:50:37+00:00,FG1003 - Sensor Workstation,CBL1002 - Lead 4mm black 500mm,6.00,60
60,2026-10-09T11:50:37+00:00,2026-10-09T11:50:37+00:00,FG1003 - Sensor Workstation,CBL1001 - Lead 4mm red 500mm,6.00,50
59,2026-10-09T11:50:37+00:00,2026-10-09T11:50:37+00:00,FG1003 - Sensor Workstation,ELE1003 - 24V power supply 60W,1.00,40
58,2026-10-09T11:50:37+00:00,2026-10-09T11:50:37+00:00,FG1003 - Sensor Workstation,SA2007 - Base frame,1.00,30
57,2026-10-09T11:50:37+00:00,2026-10-09T11:50:37+00:00,FG1003 - Sensor Workstation,SA2003 - Control panel assembly,1.00,20
56,2026-10-09T11:50:37+00:00,2026-10-09T11:50:37+00:00,FG1003 - Sensor Workstation,SA2005 - Sensor head,3.00,10
55,2026-10-09T11:50:37+00:00,2026-10-09T11:50:37+00:00,FG1002 - Pneumatics Trainer,CBL1002 - Lead 4mm black 500mm,4.00,80
54,2026-10-09T11:50:37+00:00,2026-10-09T11:50:37+00:00,FG1002 - Pneumatics Trainer,CBL1001 - Lead 4mm red 500mm,4.00,70
53,2026-10-09T11:50:37+00:00,2026-10-09T11:50:37+00:00,FG1002 - Pneumatics Trainer,ELE1005 - Push-button switch,4.00,60
52,2026-10-09T11:50:37+00:00,2026-10-09T11:50:37+00:00,FG1002 - Pneumatics Trainer,ELE1003 - 24V power supply 60W,1.00,50
51,2026-10-09T11:50:37+00:00,2026-10-09T11:50:37+00:00,FG1002 - Pneumatics Trainer,PNE1005 - Vacuum cup 16mm,1.00,40
50,2026-10-09T11:50:37+00:00,2026-10-09T11:50:37+00:00,FG1002 - Pneumatics Trainer,PNE1001 - Pneumatic cylinder 10 x 40,2.00,30
49,2026-10-09T11:50:37+00:00,2026-10-09T11:50:37+00:00,FG1002 - Pneumatics Trainer,SA2007 - Base frame,1.00,20
48,2026-10-09T11:50:37+00:00,2026-10-09T11:50:37+00:00,FG1002 - Pneumatics Trainer,SA2004 - Valve block,1.00,10
47,2026-10-09T11:50:37+00:00,2026-10-09T11:50:37+00:00,FG1001 - Conveyor Training Rig,CBL1002 - Lead 4mm black 500mm,6.00,80
46,2026-10-09T11:50:36+00:00,2026-10-09T11:50:36+00:00,FG1001 - Conveyor Training Rig,CBL1001 - Lead 4mm red 500mm,6.00,70
45,2026-10-09T11:50:36+00:00,2026-10-09T11:50:36+00:00,FG1001 - Conveyor Training Rig,ELE1003 - 24V power supply 60W,1.00,60
44,2026-10-09T11:50:36+00:00,2026-10-09T11:50:36+00:00,FG1001 - Conveyor Training Rig,SA2007 - Base frame,1.00,50
43,2026-10-09T11:50:36+00:00,2026-10-09T11:50:36+00:00,FG1001 - Conveyor Training Rig,SA2005 - Sensor head,2.00,40
42,2026-10-09T11:50:36+00:00,2026-10-09T11:50:36+00:00,FG1001 - Conveyor Training Rig,SA2003 - Control panel assembly,1.00,30
41,2026-10-09T11:50:36+00:00,2026-10-09T11:50:36+00:00,FG1001 - Conveyor Training Rig,SA2002 - Drive motor unit,1.00,20
40,2026-10-09T11:50:36+00:00,2026-10-09T11:50:36+00:00,FG1001 - Conveyor Training Rig,SA2001 - Conveyor frame assembly,1.00,10
39,2026-10-09T11:50:36+00:00,2026-10-09T11:50:36+00:00,SA2006 - Robot arm unit,FAS1001 - M3 x 8 socket screw,12.00,30
38,2026-10-09T11:50:36+00:00,2026-10-09T11:50:36+00:00,SA2006 - Robot arm unit,MET1001 - Steel base plate,1.00,20
37,2026-10-09T11:50:36+00:00,2026-10-09T11:50:36+00:00,SA2006 - Robot arm unit,RBT1001 - Robot arm mechanism,1.00,10
36,2026-10-09T11:50:36+00:00,2026-10-09T11:50:36+00:00,SA2005 - Sensor head,FAS1001 - M3 x 8 socket screw,4.00,40
35,2026-10-09T11:50:36+00:00,2026-10-09T11:50:36+00:00,SA2005 - Sensor head,PLA1001 - Acrylic cover,1.00,30
34,2026-10-09T11:50:36+00:00,2026-10-09T11:50:36+00:00,SA2005 - Sensor head,PLA1002 - Sensor holder (3D printed),1.00,20
33,2026-10-09T11:50:36+00:00,2026-10-09T11:50:36+00:00,SA2005 - Sensor head,ELE1007 - Proximity sensor,1.00,10
32,2026-10-09T11:50:36+00:00,2026-10-09T11:50:36+00:00,SA2004 - Valve block,FAS1002 - M4 x 10 socket screw,4.00,40
31,2026-10-09T11:50:36+00:00,2026-10-09T11:50:36+00:00,SA2004 - Valve block,PNE1003 - Tubing 4mm (per metre),2.00,30
30,2026-10-09T11:50:36+00:00,2026-10-09T11:50:36+00:00,SA2004 - Valve block,PNE1004 - Push-in fitting 4mm,8.00,20
29,2026-10-09T11:50:36+00:00,2026-10-09T11:50:36+00:00,SA2004 - Valve block,PNE1002 - Solenoid valve 5/2,3.00,10
28,2026-10-09T11:50:36+00:00,2026-10-09T11:50:36+00:00,SA2003 - Control panel assembly,FAS1006 - Cable tie 100mm,10.00,70
27,2026-10-09T11:50:36+00:00,2026-10-09T11:50:36+00:00,SA2003 - Control panel assembly,SA2008 - Controller board assembly,1.00,60
26,2026-10-09T11:50:36+00:00,2026-10-09T11:50:36+00:00,SA2003 - Control panel assembly,ELE1004 - Terminal block 2-way,12.00,50
25,2026-10-09T11:50:36+00:00,2026-10-09T11:50:36+00:00,SA2003 - Control panel assembly,ELE1008 - Emergency stop button,1.00,40
24,2026-10-09T11:50:36+00:00,2026-10-09T11:50:36+00:00,SA2003 - Control panel assembly,ELE1009 - MCB 1 pole 6A,1.00,30
23,2026-10-09T11:50:36+00:00,2026-10-09T11:50:36+00:00,SA2003 - Control panel assembly,ELE1011 - 7 inch touch panel,1.00,20
22,2026-10-09T11:50:36+00:00,2026-10-09T11:50:36+00:00,SA2003 - Control panel assembly,ELE1010 - PLC controller,1.00,10
21,2026-10-09T11:50:36+00:00,2026-10-09T11:50:36+00:00,SA2002 - Drive motor unit,FAS1001 - M3 x 8 socket screw,8.00,50
20,2026-10-09T11:50:36+00:00,2026-10-09T11:50:36+00:00,SA2002 - Drive motor unit,MEC1004 - Ball bearing 608,2.00,40
19,2026-10-09T11:50:36+00:00,2026-10-09T11:50:36+00:00,SA2002 - Drive motor unit,MEC1003 - Pulley 20 tooth,2.00,30
18,2026-10-09T11:50:36+00:00,2026-10-09T11:50:36+00:00,SA2002 - Drive motor unit,MEC1002 - Timing belt 6mm,1.00,20
17,2026-10-09T11:50:36+00:00,2026-10-09T11:50:36+00:00,SA2002 - Drive motor unit,ELE1002 - DC geared motor 24V,1.00,10
16,2026-10-09T11:50:36+00:00,2026-10-09T11:50:36+00:00,SA2001 - Conveyor frame assembly,MEC1004 - Ball bearing 608,4.00,50
15,2026-10-09T11:50:36+00:00,2026-10-09T11:50:36+00:00,SA2001 - Conveyor frame assembly,FAS1004 - T-slot nut,6.00,40
14,2026-10-09T11:50:36+00:00,2026-10-09T11:50:36+00:00,SA2001 - Conveyor frame assembly,FAS1001 - M3 x 8 socket screw,16.00,30
13,2026-10-09T11:50:36+00:00,2026-10-09T11:50:36+00:00,SA2001 - Conveyor frame assembly,MET1003 - Mounting bracket,8.00,20
12,2026-10-09T11:50:36+00:00,2026-10-09T11:50:36+00:00,SA2001 - Conveyor frame assembly,MET1001 - Steel base plate,2.00,10
11,2026-10-09T11:50:36+00:00,2026-10-09T11:50:36+00:00,SA2007 - Base frame,MET1003 - Mounting bracket,4.00,50
10,2026-10-09T11:50:36+00:00,2026-10-09T11:50:36+00:00,SA2007 - Base frame,FAS1004 - T-slot nut,8.00,40
9,2026-10-09T11:50:36+00:00,2026-10-09T11:50:36+00:00,SA2007 - Base frame,FAS1002 - M4 x 10 socket screw,12.00,30
8,2026-10-09T11:50:36+00:00,2026-10-09T11:50:36+00:00,SA2007 - Base frame,MET1001 - Steel base plate,1.00,20
7,2026-10-09T11:50:36+00:00,2026-10-09T11:50:36+00:00,SA2007 - Base frame,MET1002 - Aluminium extrusion 30 x 30 x 500,4.00,10
6,2026-10-09T11:50:36+00:00,2026-10-09T11:50:36+00:00,SA2008 - Controller board assembly,ELE1004 - Terminal block 2-way,4.00,60
5,2026-10-09T11:50:36+00:00,2026-10-09T11:50:36+00:00,SA2008 - Controller board assembly,PCB1006 - Voltage regulator 5V,1.00,50
4,2026-10-09T11:50:36+00:00,2026-10-09T11:50:36+00:00,SA2008 - Controller board assembly,PCB1005 - Capacitor 10uF 0603,4.00,40
3,2026-10-09T11:50:36+00:00,2026-10-09T11:50:36+00:00,SA2008 - Controller board assembly,PCB1004 - Resistor 10k 0603,12.00,30
2,2026-10-09T11:50:36+00:00,2026-10-09T11:50:36+00:00,SA2008 - Controller board assembly,PCB1003 - Microcontroller,1.00,20
1,2026-10-09T11:50:36+00:00,2026-10-09T11:50:36+00:00,SA2008 - Controller board assembly,PCB1001 - Controller PCB blank,1.00,10
