ID,Created At,Updated At,Number,Product,Quantity,Workstation,Technician,Start Date,Due Date,Status,Printed,Est Minutes
51,2026-10-03T09:00:00+00:00,2026-10-03T20:00:00+00:00,1133,SA2001 - Conveyor frame assembly,6,Mechanical assembly,Sam,2026-10-04,2026-10-08,In progress,True,234
50,2026-10-01T09:00:00+00:00,2026-10-02T00:00:00+00:00,1132,SA2003 - Control panel assembly,12,Mechanical assembly,Jordan,2026-09-30,2026-10-06,Issued,True,1896
49,2026-10-02T09:00:00+00:00,2026-10-03T02:00:00+00:00,1131,SA2006 - Robot arm unit,3,Mechanical assembly,,2026-10-25,2026-10-28,Entered,False,225
48,2026-10-06T09:00:00+00:00,2026-10-07T15:00:00+00:00,1130,SA2004 - Valve block,4,Test bay,Alex,2026-10-15,2026-10-18,Allocated,False,72
47,2026-09-30T09:00:00+00:00,2026-10-01T13:00:00+00:00,1129,SA2002 - Drive motor unit,8,PCB assembly,,2026-10-20,2026-10-24,Entered,False,240
46,2026-10-03T09:00:00+00:00,2026-10-03T23:00:00+00:00,1128,SA2005 - Sensor head,16,Packing,,2026-10-14,2026-10-21,Entered,False,656
45,2026-09-30T09:00:00+00:00,2026-10-01T02:00:00+00:00,1127,SA2007 - Base frame,8,Packing,Jordan,2026-10-13,2026-10-17,Allocated,False,384
44,2026-10-04T09:00:00+00:00,2026-10-05T15:00:00+00:00,1126,SA2008 - Controller board assembly,30,Pneumatics,Sam,2026-10-02,2026-10-14,Issued,True,1290
43,2026-10-07T09:00:00+00:00,2026-10-08T19:00:00+00:00,1125,SA2001 - Conveyor frame assembly,12,Mechanical assembly,Alex,2026-10-06,2026-10-12,In progress,True,468
42,2026-10-08T10:00:00+00:00,2026-10-09T20:00:00+00:00,1124,FG1006 - Solar Energy Kit,5,Mechanical assembly,,2026-11-17,2026-11-20,Entered,False,455
41,2026-10-07T10:00:00+00:00,2026-10-08T00:00:00+00:00,1123,FG1005 - Robot Arm Cell,8,PCB assembly,,2026-11-06,2026-11-10,Entered,False,3168
40,2026-10-07T10:00:00+00:00,2026-10-07T15:00:00+00:00,1122,FG1002 - Pneumatics Trainer,8,Packing,,2026-11-04,2026-11-08,Entered,False,1384
39,2026-10-06T10:00:00+00:00,2026-10-07T23:00:00+00:00,1121,FG1006 - Solar Energy Kit,4,Packing,,2026-10-30,2026-11-02,Entered,False,364
38,2026-10-06T10:00:00+00:00,2026-10-07T21:00:00+00:00,1120,FG1001 - Conveyor Training Rig,6,Pneumatics,,2026-10-27,2026-10-31,Entered,False,2874
37,2026-10-04T10:00:00+00:00,2026-10-04T19:00:00+00:00,1119,FG1004 - Motor Control Kit,2,Test bay,,2026-10-24,2026-10-26,Entered,False,296
36,2026-10-04T10:00:00+00:00,2026-10-04T21:00:00+00:00,1118,FG1001 - Conveyor Training Rig,2,PCB assembly,,2026-10-23,2026-10-25,Entered,False,958
35,2026-10-03T10:00:00+00:00,2026-10-03T12:00:00+00:00,1117,FG1003 - Sensor Workstation,6,Packing,,2026-10-16,2026-10-20,Entered,False,2454
34,2026-10-03T10:00:00+00:00,2026-10-03T23:00:00+00:00,1116,FG1005 - Robot Arm Cell,3,Test bay,Jordan,2026-10-16,2026-10-19,Allocated,False,1188
33,2026-10-01T10:00:00+00:00,2026-10-02T21:00:00+00:00,1115,FG1002 - Pneumatics Trainer,5,PCB assembly,Alex,2026-10-12,2026-10-15,Allocated,False,865
32,2026-09-29T10:00:00+00:00,2026-09-30T20:00:00+00:00,1114,FG1004 - Motor Control Kit,10,Test bay,Sam,2026-10-06,2026-10-11,Issued,True,1480
31,2026-09-29T10:00:00+00:00,2026-09-30T21:00:00+00:00,1113,FG1006 - Solar Energy Kit,3,Packing,Jordan,2026-10-07,2026-10-10,In progress,True,273
30,2026-09-27T10:00:00+00:00,2026-09-28T10:00:00+00:00,1112,FG1007 - Bench Power Supply,2,PCB assembly,Sam,2026-10-04,2026-10-06,In progress,True,20
29,2026-09-27T10:00:00+00:00,2026-09-28T14:00:00+00:00,1111,FG1001 - Conveyor Training Rig,2,Pneumatics,Alex,2026-10-01,2026-10-03,In progress,True,958
28,2026-10-09T11:50:41+00:00,2026-10-09T11:50:41+00:00,1082,SA2004 - Valve block,3,PCB assembly,Jordan,2026-10-08,2026-10-08,Complete,True,60
27,2026-10-09T11:50:41+00:00,2026-10-09T11:50:41+00:00,1083,SA2004 - Valve block,3,Mechanical assembly,Alex,2026-10-07,2026-10-07,Complete,True,60
26,2026-10-09T11:50:41+00:00,2026-10-09T11:50:41+00:00,1084,SA2007 - Base frame,3,Mechanical assembly,Jordan,2026-10-07,2026-10-07,Complete,True,60
25,2026-10-09T11:50:41+00:00,2026-10-09T11:50:41+00:00,1085,SA2008 - Controller board assembly,7,Mechanical assembly,Alex,2026-10-06,2026-10-06,Complete,True,140
24,2026-10-09T11:50:40+00:00,2026-10-09T11:50:40+00:00,1086,SA2005 - Sensor head,8,Mechanical assembly,Jordan,2026-10-06,2026-10-06,Complete,True,160
23,2026-10-09T11:50:40+00:00,2026-10-09T11:50:40+00:00,1087,SA2005 - Sensor head,4,Mechanical assembly,Jordan,2026-10-05,2026-10-05,Complete,True,80
22,2026-10-09T11:50:40+00:00,2026-10-09T11:50:40+00:00,1088,SA2008 - Controller board assembly,8,PCB assembly,Sam,2026-10-05,2026-10-05,Complete,True,160
21,2026-10-09T11:50:40+00:00,2026-10-09T11:50:40+00:00,1089,SA2004 - Valve block,4,Mechanical assembly,Jordan,2026-10-02,2026-10-02,Complete,True,80
20,2026-10-09T11:50:40+00:00,2026-10-09T11:50:40+00:00,1090,SA2001 - Conveyor frame assembly,3,PCB assembly,Sam,2026-10-02,2026-10-02,Complete,True,60
19,2026-10-09T11:50:39+00:00,2026-10-09T11:50:39+00:00,1091,SA2004 - Valve block,3,PCB assembly,Jordan,2026-10-01,2026-10-01,Complete,True,60
18,2026-10-09T11:50:39+00:00,2026-10-09T11:50:39+00:00,1092,SA2004 - Valve block,5,Mechanical assembly,Jordan,2026-10-01,2026-10-01,Complete,True,100
17,2026-10-09T11:50:39+00:00,2026-10-09T11:50:39+00:00,1093,SA2007 - Base frame,4,PCB assembly,Alex,2026-09-30,2026-09-30,Complete,True,80
16,2026-10-09T11:50:39+00:00,2026-10-09T11:50:39+00:00,1094,SA2002 - Drive motor unit,4,PCB assembly,Sam,2026-09-30,2026-09-30,Complete,True,80
15,2026-10-09T11:50:38+00:00,2026-10-09T11:50:38+00:00,1095,SA2008 - Controller board assembly,8,Mechanical assembly,Jordan,2026-09-29,2026-09-29,Complete,True,160
14,2026-10-09T11:50:38+00:00,2026-10-09T11:50:38+00:00,1096,SA2008 - Controller board assembly,7,PCB assembly,Jordan,2026-09-29,2026-09-29,Complete,True,140
13,2026-10-09T11:50:38+00:00,2026-10-09T11:50:38+00:00,1097,SA2008 - Controller board assembly,6,PCB assembly,Sam,2026-09-28,2026-09-28,Complete,True,120
12,2026-10-09T11:50:38+00:00,2026-10-09T11:50:38+00:00,1098,SA2001 - Conveyor frame assembly,4,Mechanical assembly,Jordan,2026-09-25,2026-09-25,Complete,True,80
11,2026-10-09T11:50:37+00:00,2026-10-09T11:50:37+00:00,1099,SA2001 - Conveyor frame assembly,3,PCB assembly,Alex,2026-09-25,2026-09-25,Complete,True,60
10,2026-10-09T11:50:37+00:00,2026-10-09T11:50:37+00:00,1110,FG1002 - Pneumatics Trainer,4,Pneumatics,,2026-10-22,2026-10-23,Entered,False,160
9,2026-10-09T11:50:37+00:00,2026-10-09T11:50:37+00:00,1109,FG1005 - Robot Arm Cell,2,Test bay,Sam,2026-10-20,2026-10-21,Allocated,False,180
8,2026-10-09T11:50:37+00:00,2026-10-09T11:50:37+00:00,1108,FG1006 - Solar Energy Kit,3,Packing,,2026-10-18,2026-10-19,Entered,False,45
7,2026-10-09T11:50:37+00:00,2026-10-09T11:50:37+00:00,1107,SA2008 - Controller board assembly,20,PCB assembly,Jordan,2026-10-08,2026-10-13,Issued,True,200
6,2026-10-09T11:50:37+00:00,2026-10-09T11:50:37+00:00,1106,SA2004 - Valve block,10,Pneumatics,,2026-10-14,2026-10-16,Entered,False,90
5,2026-10-09T11:50:37+00:00,2026-10-09T11:50:37+00:00,1105,SA2005 - Sensor head,10,PCB assembly,Jordan,2026-10-13,2026-10-15,Issued,True,120
4,2026-10-09T11:50:37+00:00,2026-10-09T11:50:37+00:00,1104,SA2002 - Drive motor unit,5,Mechanical assembly,,2026-10-13,2026-10-14,Allocated,False,100
3,2026-10-09T11:50:37+00:00,2026-10-09T11:50:37+00:00,1103,SA2007 - Base frame,5,Mechanical assembly,Sam,2026-10-12,2026-10-13,QA,True,75
2,2026-10-09T11:50:37+00:00,2026-10-09T11:50:37+00:00,1102,SA2001 - Conveyor frame assembly,10,Mechanical assembly,Alex,2026-10-09,2026-10-11,In progress,True,240
1,2026-10-09T11:50:37+00:00,2026-10-09T11:50:37+00:00,1101,FG1001 - Conveyor Training Rig,5,Test bay,,2026-10-11,2026-10-12,Entered,False,150
