Level,Code,Name,Kind,Qty per parent,Extended qty,Unit cost,Line cost,Extended cost,Build minutes
0,SA2002,Drive motor unit,Assembly,1.00,1.00,27.54,27.54,27.54,30.0
1,ELE1002,DC geared motor 24V,Component,1.00,1.0000,22.00,22.00,22.00,0
1,MEC1002,Timing belt 6mm,Component,1.00,1.0000,2.40,2.40,2.40,0
1,MEC1003,Pulley 20 tooth,Component,2.00,2.0000,1.10,2.20,2.20,0
1,MEC1004,Ball bearing 608,Component,2.00,2.0000,0.35,0.70,0.70,0
1,FAS1001,M3 x 8 socket screw,Component,8.00,8.0000,0.03,0.24,0.24,0
0,SA2008,Controller board assembly,Assembly,1.00,1.00,5.62,5.62,5.62,43.0
1,PCB1001,Controller PCB blank,Component,1.00,1.0000,1.20,1.20,1.20,0
1,PCB1003,Microcontroller,Component,1.00,1.0000,2.60,2.60,2.60,0
1,PCB1004,Resistor 10k 0603,Component,12.00,12.0000,0.02,0.24,0.24,0
1,PCB1005,Capacitor 10uF 0603,Component,4.00,4.0000,0.06,0.24,0.24,0
1,PCB1006,Voltage regulator 5V,Component,1.00,1.0000,0.34,0.34,0.34,0
1,ELE1004,Terminal block 2-way,Component,4.00,4.0000,0.25,1.00,1.00,0
0,ELE1003,24V power supply 60W,Component,1.00,1.00,14.50,14.50,14.50,0
0,ELE1006,Limit switch,Component,2.00,2.00,0.60,1.20,1.20,0
0,CBL1001,Lead 4mm red 500mm,Component,4.00,4.00,0.90,3.60,3.60,0
0,CBL1002,Lead 4mm black 500mm,Component,4.00,4.00,0.90,3.60,3.60,0
0,MET1001,Steel base plate,Component,1.00,1.00,4.40,4.40,4.40,0
