ID,Created At,Updated At,Order,Product,Quantity,Work Order
84,2026-10-08T09:00:00+00:00,2026-10-09T11:50:44+00:00,6008,FG1004 - Motor Control Kit,3,
83,2026-10-08T09:00:00+00:00,2026-10-09T11:50:44+00:00,6008,FG1006 - Solar Energy Kit,5,1124
82,2026-10-07T09:00:00+00:00,2026-10-09T11:50:44+00:00,6007,FG1005 - Robot Arm Cell,8,1123
81,2026-10-07T09:00:00+00:00,2026-10-09T11:50:44+00:00,6007,FG1002 - Pneumatics Trainer,8,1122
80,2026-10-06T09:00:00+00:00,2026-10-09T11:50:44+00:00,6006,FG1006 - Solar Energy Kit,4,1121
79,2026-10-06T09:00:00+00:00,2026-10-09T11:50:44+00:00,6006,FG1001 - Conveyor Training Rig,6,1120
78,2026-10-04T09:00:00+00:00,2026-10-09T11:50:44+00:00,6005,FG1004 - Motor Control Kit,2,1119
77,2026-10-04T09:00:00+00:00,2026-10-09T11:50:44+00:00,6005,FG1001 - Conveyor Training Rig,2,1118
76,2026-10-03T09:00:00+00:00,2026-10-09T11:50:44+00:00,6004,FG1003 - Sensor Workstation,6,1117
75,2026-10-03T09:00:00+00:00,2026-10-09T11:50:44+00:00,6004,FG1005 - Robot Arm Cell,3,1116
74,2026-10-01T09:00:00+00:00,2026-10-09T11:50:44+00:00,6003,FG1003 - Sensor Workstation,4,
73,2026-10-01T09:00:00+00:00,2026-10-09T11:50:44+00:00,6003,FG1002 - Pneumatics Trainer,5,1115
72,2026-09-29T09:00:00+00:00,2026-10-09T11:50:44+00:00,6002,FG1004 - Motor Control Kit,10,1114
71,2026-09-29T09:00:00+00:00,2026-10-09T11:50:43+00:00,6002,FG1006 - Solar Energy Kit,3,1113
70,2026-09-27T09:00:00+00:00,2026-10-09T11:50:43+00:00,6001,FG1007 - Bench Power Supply,2,1112
69,2026-09-27T09:00:00+00:00,2026-10-09T11:50:43+00:00,6001,FG1001 - Conveyor Training Rig,2,1111
68,2025-12-24T09:30:00+00:00,2025-12-24T09:30:00+00:00,21088,FG1002 - Pneumatics Trainer,5,
67,2025-12-24T09:30:00+00:00,2025-12-24T09:30:00+00:00,21088,FG1001 - Conveyor Training Rig,5,
66,2026-03-24T09:30:00+00:00,2026-03-24T09:30:00+00:00,21087,FG1001 - Conveyor Training Rig,3,
65,2026-07-16T09:30:00+00:00,2026-07-16T09:30:00+00:00,21082,FG1004 - Motor Control Kit,20,
64,2026-08-06T09:30:00+00:00,2026-08-06T09:30:00+00:00,21080,FG1005 - Robot Arm Cell,2,
63,2025-10-25T09:30:00+00:00,2025-10-25T09:30:00+00:00,21078,FG1002 - Pneumatics Trainer,10,
62,2025-10-25T09:30:00+00:00,2025-10-25T09:30:00+00:00,21078,FG1003 - Sensor Workstation,2,
61,2026-06-11T09:30:00+00:00,2026-06-11T09:30:00+00:00,21073,FG1003 - Sensor Workstation,3,
60,2026-05-10T09:30:00+00:00,2026-05-10T09:30:00+00:00,21072,FG1001 - Conveyor Training Rig,3,
59,2026-05-10T09:30:00+00:00,2026-05-10T09:30:00+00:00,21072,FG1007 - Bench Power Supply,3,
58,2026-05-10T09:30:00+00:00,2026-05-10T09:30:00+00:00,21072,FG1006 - Solar Energy Kit,10,
57,2026-06-09T09:30:00+00:00,2026-06-09T09:30:00+00:00,21068,FG1005 - Robot Arm Cell,5,
56,2026-01-05T09:30:00+00:00,2026-01-05T09:30:00+00:00,21066,FG1005 - Robot Arm Cell,2,
55,2026-01-05T09:30:00+00:00,2026-01-05T09:30:00+00:00,21066,FG1006 - Solar Energy Kit,15,
54,2025-12-23T09:30:00+00:00,2025-12-23T09:30:00+00:00,21063,FG1002 - Pneumatics Trainer,5,
53,2025-12-23T09:30:00+00:00,2025-12-23T09:30:00+00:00,21063,FG1003 - Sensor Workstation,2,
52,2026-01-17T09:30:00+00:00,2026-01-17T09:30:00+00:00,21058,FG1001 - Conveyor Training Rig,2,
51,2026-01-17T09:30:00+00:00,2026-01-17T09:30:00+00:00,21058,FG1007 - Bench Power Supply,3,
50,2026-01-17T09:30:00+00:00,2026-01-17T09:30:00+00:00,21056,FG1005 - Robot Arm Cell,3,
49,2026-08-14T09:30:00+00:00,2026-08-14T09:30:00+00:00,21054,FG1006 - Solar Energy Kit,20,
48,2026-08-14T09:30:00+00:00,2026-08-14T09:30:00+00:00,21054,FG1003 - Sensor Workstation,1,
47,2026-08-14T09:30:00+00:00,2026-08-14T09:30:00+00:00,21054,FG1007 - Bench Power Supply,3,
46,2026-07-29T09:30:00+00:00,2026-07-29T09:30:00+00:00,21051,FG1007 - Bench Power Supply,1,
45,2026-02-28T09:30:00+00:00,2026-02-28T09:30:00+00:00,21047,FG1002 - Pneumatics Trainer,2,
44,2026-02-28T09:30:00+00:00,2026-02-28T09:30:00+00:00,21047,FG1008 - Programming Software Licence,5,
43,2026-02-28T09:30:00+00:00,2026-02-28T09:30:00+00:00,21047,FG1001 - Conveyor Training Rig,3,
42,2025-11-11T09:30:00+00:00,2025-11-11T09:30:00+00:00,21044,FG1002 - Pneumatics Trainer,15,
41,2025-10-17T09:30:00+00:00,2025-10-17T09:30:00+00:00,21040,FG1001 - Conveyor Training Rig,10,
40,2025-10-17T09:30:00+00:00,2025-10-17T09:30:00+00:00,21040,FG1002 - Pneumatics Trainer,2,
39,2026-03-20T09:30:00+00:00,2026-03-20T09:30:00+00:00,21038,FG1001 - Conveyor Training Rig,5,
38,2026-08-09T09:30:00+00:00,2026-08-09T09:30:00+00:00,21035,FG1002 - Pneumatics Trainer,15,
37,2026-08-09T09:30:00+00:00,2026-08-09T09:30:00+00:00,21035,FG1006 - Solar Energy Kit,15,
36,2026-01-10T09:30:00+00:00,2026-01-10T09:30:00+00:00,21031,FG1002 - Pneumatics Trainer,20,
35,2026-01-10T09:30:00+00:00,2026-01-10T09:30:00+00:00,21031,FG1005 - Robot Arm Cell,5,
34,2026-04-14T09:30:00+00:00,2026-04-14T09:30:00+00:00,21030,FG1002 - Pneumatics Trainer,3,
33,2026-04-14T09:30:00+00:00,2026-04-14T09:30:00+00:00,21030,FG1001 - Conveyor Training Rig,20,
32,2026-04-14T09:30:00+00:00,2026-04-14T09:30:00+00:00,21030,FG1004 - Motor Control Kit,10,
31,2026-03-29T09:30:00+00:00,2026-03-29T09:30:00+00:00,21026,FG1004 - Motor Control Kit,3,
30,2026-03-29T09:30:00+00:00,2026-03-29T09:30:00+00:00,21026,FG1006 - Solar Energy Kit,20,
29,2026-03-29T09:30:00+00:00,2026-03-29T09:30:00+00:00,21026,FG1001 - Conveyor Training Rig,3,
28,2026-03-28T09:30:00+00:00,2026-03-28T09:30:00+00:00,21023,FG1005 - Robot Arm Cell,3,
27,2026-05-18T09:30:00+00:00,2026-05-18T09:30:00+00:00,21021,FG1001 - Conveyor Training Rig,15,
26,2026-05-18T09:30:00+00:00,2026-05-18T09:30:00+00:00,21021,FG1002 - Pneumatics Trainer,3,
25,2026-05-18T09:30:00+00:00,2026-05-18T09:30:00+00:00,21021,FG1006 - Solar Energy Kit,20,
24,2025-12-05T09:30:00+00:00,2025-12-05T09:30:00+00:00,21018,FG1002 - Pneumatics Trainer,5,
23,2025-12-05T09:30:00+00:00,2025-12-05T09:30:00+00:00,21018,FG1004 - Motor Control Kit,20,
22,2025-12-05T09:30:00+00:00,2025-12-05T09:30:00+00:00,21018,FG1005 - Robot Arm Cell,5,
21,2026-04-24T09:30:00+00:00,2026-04-24T09:30:00+00:00,21013,FG1002 - Pneumatics Trainer,3,
20,2026-04-24T09:30:00+00:00,2026-04-24T09:30:00+00:00,21013,FG1001 - Conveyor Training Rig,5,
19,2026-04-24T09:30:00+00:00,2026-04-24T09:30:00+00:00,21013,FG1003 - Sensor Workstation,2,
18,2025-11-28T09:30:00+00:00,2025-11-28T09:30:00+00:00,21011,FG1003 - Sensor Workstation,2,
17,2026-08-04T09:30:00+00:00,2026-08-04T09:30:00+00:00,21008,FG1006 - Solar Energy Kit,2,
16,2026-03-16T09:30:00+00:00,2026-03-16T09:30:00+00:00,21004,FG1002 - Pneumatics Trainer,5,
15,2026-03-16T09:30:00+00:00,2026-03-16T09:30:00+00:00,21004,FG1001 - Conveyor Training Rig,15,
14,2026-04-07T09:30:00+00:00,2026-04-07T09:30:00+00:00,21002,FG1006 - Solar Energy Kit,3,
13,2026-10-09T11:50:42+00:00,2026-10-09T11:50:45+00:00,5006,FG1007 - Bench Power Supply,5,1112
12,2026-10-09T11:50:42+00:00,2026-10-09T11:50:45+00:00,5006,FG1004 - Motor Control Kit,5,1114
11,2026-10-09T11:50:42+00:00,2026-10-09T11:50:45+00:00,5005,FG1007 - Bench Power Supply,2,1112
10,2026-10-09T11:50:42+00:00,2026-10-09T11:50:45+00:00,5005,FG1003 - Sensor Workstation,6,1117
9,2026-10-09T11:50:42+00:00,2026-10-09T11:50:45+00:00,5005,FG1002 - Pneumatics Trainer,2,1115
8,2026-10-09T11:50:42+00:00,2026-10-09T11:50:45+00:00,5004,FG1006 - Solar Energy Kit,4,1113
7,2026-10-09T11:50:42+00:00,2026-10-09T11:50:45+00:00,5003,FG1004 - Motor Control Kit,2,1114
6,2026-10-09T11:50:42+00:00,2026-10-09T11:50:45+00:00,5003,FG1005 - Robot Arm Cell,2,1116
5,2026-10-09T11:50:42+00:00,2026-10-09T11:50:45+00:00,5002,FG1007 - Bench Power Supply,3,1112
4,2026-10-09T11:50:42+00:00,2026-10-09T11:50:45+00:00,5002,FG1001 - Conveyor Training Rig,3,1111
3,2026-10-09T11:50:42+00:00,2026-10-09T11:50:45+00:00,5001,FG1004 - Motor Control Kit,1,1114
2,2026-10-09T11:50:42+00:00,2026-10-09T11:50:45+00:00,5001,FG1007 - Bench Power Supply,1,1112
1,2026-10-09T11:50:42+00:00,2026-10-09T11:50:42+00:00,5001,FG1008 - Programming Software Licence,1,
